date;level;message
2026-05-10 20:44:24;INFO;File uploaded successfully
2026-05-10 21:18:29;WARNING;Configuration value missing
2026-05-10 22:27:42;INFO;Application shutdown completed
2026-05-11 02:44:14;INFO;User logged out
2026-05-11 07:10:55;INFO;File uploaded successfully
2026-05-11 09:53:54;INFO;Cache refreshed
2026-05-11 12:11:27;DEBUG;Retry counter incremented
2026-05-11 14:44:11;WARNING;Low disk space
2026-05-11 18:26:31;INFO;Database connection established
2026-05-12 10:05:36;INFO;Application shutdown completed
2026-05-12 14:13:52;WARNING;Cache miss rate is high
2026-05-12 20:26:21;DEBUG;Cache lookup performed
2026-05-13 00:43:41;ERROR;Permission denied
2026-05-13 07:11:43;DEBUG;Cache lookup performed
2026-05-13 12:41:55;INFO;Backup completed successfully
2026-05-13 17:40:39;INFO;Application shutdown completed
2026-05-14 00:03:42;INFO;Backup completed successfully
2026-05-14 11:58:11;INFO;Backup completed successfully
2026-05-14 12:13:17;WARNING;High memory usage
2026-05-14 13:45:19;INFO;Backup completed successfully
2026-05-14 16:38:25;ERROR;SSL handshake failed
2026-05-14 18:00:19;INFO;Scheduled task executed
2026-05-14 22:35:52;INFO;Scheduled task executed
2026-05-14 23:09:19;DEBUG;Entering function process_data
2026-05-15 00:08:28;INFO;Configuration loaded
2026-05-15 13:03:57;WARNING;Cache miss rate is high
2026-05-15 15:24:25;INFO;Application shutdown completed
2026-05-15 19:12:22;INFO;User logged in
2026-05-15 22:49:10;DEBUG;Loading configuration file
2026-05-16 07:56:20;WARNING;Deprecated API usage
2026-05-16 08:06:14;INFO;Scheduled task executed
2026-05-16 09:18:00;DEBUG;Thread acquired lock
2026-05-16 12:26:52;DEBUG;Loading configuration file
2026-05-16 12:27:00;WARNING;Response time above normal
2026-05-16 18:46:46;DEBUG;Request payload received
2026-05-16 23:49:23;WARNING;Response time above normal
2026-05-17 02:07:40;ERROR;Disk full
2026-05-17 02:36:17;INFO;Database connection established
2026-05-17 06:23:58;INFO;Database connection established
2026-05-17 08:16:20;INFO;Backup completed successfully
2026-05-17 09:38:40;WARNING;Deprecated API usage
2026-05-17 10:06:24;INFO;Cache refreshed
2026-05-17 17:43:03;INFO;User logged out
2026-05-17 23:24:49;DEBUG;Session token validated
2026-05-17 23:59:13;DEBUG;Cache lookup performed
2026-05-18 01:22:44;DEBUG;Loading configuration file
2026-05-18 01:45:51;ERROR;SSL handshake failed
2026-05-18 02:10:19;WARNING;High memory usage
2026-05-18 09:15:49;WARNING;CPU usage exceeded threshold
2026-05-18 09:56:35;INFO;Configuration loaded
2026-05-18 14:38:23;INFO;File uploaded successfully
2026-05-18 16:01:01;INFO;User logged out
2026-05-18 21:09:28;INFO;Configuration loaded
2026-05-19 02:49:23;DEBUG;Processing batch item
2026-05-19 04:34:01;INFO;User logged out
2026-05-19 22:44:20;INFO;Scheduled task executed
2026-05-20 00:19:08;INFO;Scheduled task executed
2026-05-20 03:07:35;INFO;Configuration loaded
2026-05-20 03:34:06;INFO;Cache refreshed
2026-05-20 03:36:23;INFO;Application shutdown completed
2026-05-20 06:31:00;INFO;Service started
2026-05-20 08:58:53;DEBUG;Retry counter incremented
2026-05-20 11:35:10;DEBUG;Cache lookup performed
2026-05-20 14:46:42;DEBUG;Retry counter incremented
2026-05-20 15:03:04;WARNING;Response time above normal
2026-05-20 15:41:36;DEBUG;Request payload received
2026-05-20 20:09:56;DEBUG;Thread acquired lock
2026-05-20 21:50:13;INFO;Backup completed successfully
2026-05-20 22:47:30;INFO;User logged in
2026-05-21 03:29:18;DEBUG;Thread acquired lock
2026-05-21 03:53:44;DEBUG;Loading configuration file
2026-05-21 04:00:02;WARNING;CPU usage exceeded threshold
2026-05-21 05:29:01;INFO;Configuration loaded
2026-05-22 00:49:47;INFO;File uploaded successfully
2026-05-22 01:59:37;DEBUG;Response payload generated
2026-05-22 03:44:22;INFO;File uploaded successfully
2026-05-22 12:28:38;INFO;Scheduled task executed
2026-05-22 14:01:08;DEBUG;Loading configuration file
2026-05-22 14:23:58;INFO;Configuration loaded
2026-05-22 15:54:59;ERROR;File not found
2026-05-22 18:09:59;DEBUG;Request payload received
2026-05-23 00:55:32;INFO;Configuration loaded
2026-05-23 03:24:00;INFO;File uploaded successfully
2026-05-23 04:26:53;INFO;Database connection established
2026-05-23 05:28:36;INFO;Scheduled task executed
2026-05-23 09:25:16;WARNING;Response time above normal
2026-05-23 10:11:57;ERROR;Permission denied
2026-05-23 14:38:43;DEBUG;Thread acquired lock
2026-05-23 18:08:22;INFO;Service started
2026-05-23 19:35:19;DEBUG;Retry counter incremented
2026-05-23 19:42:48;INFO;Application shutdown completed
2026-05-23 20:00:17;DEBUG;Cache lookup performed
2026-05-23 22:07:08;INFO;User logged out
2026-05-24 05:37:08;INFO;Service started
2026-05-24 11:30:17;INFO;User logged in
2026-05-24 12:16:19;INFO;Service started
2026-05-24 18:21:56;WARNING;Connection pool nearly exhausted
2026-05-25 02:24:02;INFO;Backup completed successfully
2026-05-25 12:01:17;ERROR;Permission denied
2026-05-25 14:38:51;INFO;Scheduled task executed
2026-05-25 16:40:35;INFO;File uploaded successfully
2026-05-25 20:23:02;DEBUG;Executing SQL query
2026-05-26 01:22:22;INFO;Scheduled task executed
2026-05-26 02:33:44;INFO;Application shutdown completed
2026-05-26 07:48:00;DEBUG;Session token validated
2026-05-26 12:47:21;ERROR;Connection refused
2026-05-26 19:49:14;DEBUG;Request payload received
2026-05-26 20:06:47;DEBUG;Session token validated
2026-05-26 22:50:11;INFO;Scheduled task executed
2026-05-27 00:51:00;DEBUG;Executing SQL query
2026-05-27 09:20:10;DEBUG;Session token validated
2026-05-27 13:20:39;INFO;Scheduled task executed
2026-05-27 13:49:17;INFO;Backup completed successfully
2026-05-27 19:03:07;DEBUG;Request payload received
2026-05-27 23:18:14;WARNING;Response time above normal
2026-05-27 23:39:22;WARNING;Low disk space
2026-05-28 01:29:05;DEBUG;Request payload received
2026-05-28 11:15:34;INFO;User logged out
2026-05-28 12:16:16;INFO;User logged in
2026-05-28 12:50:29;DEBUG;Retry counter incremented
2026-05-28 22:49:21;WARNING;Retry attempt failed
2026-05-28 22:55:27;INFO;User logged out
2026-05-29 00:10:00;DEBUG;Retry counter incremented
2026-05-29 05:04:04;DEBUG;Cache lookup performed
2026-05-29 05:04:16;INFO;Backup completed successfully
2026-05-29 06:57:29;DEBUG;Cache lookup performed
2026-05-29 08:28:48;INFO;User logged in
2026-05-29 12:57:43;INFO;Cache refreshed
2026-05-29 14:54:06;INFO;File uploaded successfully
2026-05-29 17:56:13;INFO;User logged out
2026-05-29 19:17:55;WARNING;Deprecated API usage
2026-05-29 19:18:43;INFO;Configuration loaded
2026-05-29 20:29:58;WARNING;Response time above normal
2026-05-29 21:15:55;INFO;Database connection established
2026-05-29 22:00:58;WARNING;Retry attempt failed
2026-05-30 00:37:44;DEBUG;Session token validated
2026-05-30 04:08:03;INFO;Backup completed successfully
2026-05-30 05:12:46;WARNING;Configuration value missing
2026-05-30 10:07:09;ERROR;Permission denied
2026-05-30 17:43:34;DEBUG;Response payload generated
2026-05-30 21:23:31;INFO;Scheduled task executed
2026-05-31 03:11:45;INFO;User logged out
2026-05-31 07:22:00;INFO;Application shutdown completed
2026-05-31 08:33:02;DEBUG;Processing batch item
2026-05-31 12:25:48;INFO;File uploaded successfully
2026-05-31 12:41:14;DEBUG;Retry counter incremented
2026-05-31 14:44:40;INFO;Backup completed successfully
2026-05-31 15:05:57;WARNING;High memory usage
2026-05-31 15:15:00;ERROR;Disk full
2026-05-31 18:48:10;INFO;Configuration loaded
2026-06-01 11:40:40;WARNING;High memory usage
2026-06-01 17:47:06;INFO;Backup completed successfully
2026-06-01 23:12:04;INFO;Application shutdown completed
2026-06-02 15:12:48;INFO;Configuration loaded
2026-06-02 17:25:24;INFO;Backup completed successfully
2026-06-03 00:16:08;DEBUG;Response payload generated
2026-06-03 00:40:16;ERROR;Unable to resolve host
2026-06-03 03:49:45;DEBUG;Response payload generated
2026-06-03 05:21:40;WARNING;Low disk space
2026-06-03 08:34:03;DEBUG;Retry counter incremented
2026-06-03 12:01:10;WARNING;Response time above normal
2026-06-03 18:20:52;INFO;Cache refreshed
2026-06-03 18:38:09;ERROR;Database timeout
2026-06-03 22:15:34;INFO;Service started
2026-06-03 23:42:25;INFO;Service started
2026-06-04 01:56:15;INFO;Cache refreshed
2026-06-04 02:38:13;DEBUG;Entering function process_data
2026-06-04 04:27:21;INFO;File uploaded successfully
2026-06-04 06:51:58;INFO;User logged in
2026-06-04 07:05:14;INFO;User logged out
2026-06-04 07:43:32;DEBUG;Cache lookup performed
2026-06-04 07:58:17;WARNING;Retry attempt failed
2026-06-04 09:30:46;DEBUG;Processing batch item
2026-06-04 13:16:59;INFO;User logged in
2026-06-04 17:55:13;INFO;Scheduled task executed
2026-06-05 05:12:29;INFO;User logged out
2026-06-05 06:31:45;INFO;Configuration loaded
2026-06-05 07:30:08;INFO;Scheduled task executed
2026-06-05 11:21:57;INFO;Backup completed successfully
2026-06-05 16:34:08;INFO;File uploaded successfully
2026-06-05 20:04:52;DEBUG;Session token validated
2026-06-05 20:44:49;INFO;User logged in
2026-06-05 22:34:52;DEBUG;Cache lookup performed
2026-06-07 07:32:47;WARNING;Cache miss rate is high
2026-06-07 08:47:39;INFO;Service started
2026-06-07 16:03:37;INFO;Database connection established
2026-06-07 16:08:42;INFO;Database connection established
2026-06-07 19:17:42;INFO;Configuration loaded
2026-06-07 20:00:18;INFO;Scheduled task executed
2026-06-07 21:55:38;INFO;User logged in
2026-06-08 00:44:30;WARNING;Deprecated API usage
2026-06-08 03:01:05;INFO;Backup completed successfully
2026-06-08 04:40:24;WARNING;Connection pool nearly exhausted
2026-06-08 07:20:41;INFO;Backup completed successfully
2026-06-08 08:13:02;ERROR;Connection refused
2026-06-08 08:42:42;WARNING;Low disk space
2026-06-08 10:38:47;DEBUG;Entering function process_data
2026-06-08 14:10:37;DEBUG;Request payload received
2026-06-08 23:52:07;INFO;Cache refreshed
2026-06-09 05:14:25;WARNING;Cache miss rate is high
